MessageID,Province,City,Gender,Message,Sentiment
3399756076824868,Hǎiwài 海外,1000,0,正在看《金陵十三钗》，日本人，我CAO你妈！中国人与你们永世为敌！钓鱼岛你们别想碰！永远别想！当中国人民解放军是孬种！我发誓从现在起不再用你们的产品……——12月29日，歌手韩红在其微博发表《金陵十三钗》的观后感后，关注度迅速高涨，模仿作品纷至沓来,0.9985491922226448
3399978212712943,Jílín 吉林,1,1,征召钓鱼岛居民，需要中国国籍。,0.45059062696293584
3399991186327983,Hēilóngjiāng 黑龙江,1,1,对@凤凰卫视美女私房菜 说：邀请您回访博客（ http://t.cn/SXaR2k ）参观，冰城画家世界首创龙年爱国隐形油画《龙的圣地--钓鱼岛》。,0.9997888328409057
3400212200626360,Guǎngdōng 广东,13,1,黄子华 钓鱼岛是中国的 http://t.cn/h9f10l  （分享自 @优酷网）,0.9965720394676081
3400227119753306,Ānhuī 安徽,2,0,@钓鱼岛市市委书记 我回赠了圣诞神秘礼包给你们。一起来玩微城市吧！开始游戏http://t.cn/anlKpu,0.9999027136897705
3400256450701293,Shànghǎi 上海,15,1,【钓鱼岛之争其实就是中石油和三菱公司利益之争！！！】-----前日一位日本友人对钓鱼岛问题的阐述。 思考：国人可曾享受到中石油的福利，当你在义愤填膺的时候，那些人却在喝天价茅台，谈笑风声。何必呢？别被当枪使了！@薛蛮子,0.9988567641492323
3400364009400422,Shānxī 山西,4,1,钓鱼岛后是琉球，中国还敢说要不要？ http://t.cn/SXnKpB,0.04369156193519641
3400450510754042,Běijīng 北京,5,1,转发：《中国东海不需要划界：日本必须归还琉球与钓鱼岛》 http://t.cn/Sa67Qb,0.3502935990634556
3400470712321092,Hǎiwài 海外,1,1,2010年薄熙来在西南政法大学毕业典礼上的讲话，提到钓鱼岛，说各地老百姓的爱国是被理解的，然后提到革命前辈在艰苦的条件下奋起反抗强敌云云。他作为官方政治人物，公开执这种正面支持的态度，值得称赞。有很多地方的政府官员，晦莫如深态度暧昧，常取压制屏蔽的做法，非常愚蠢或者动机不纯。,0.9999972241488473
3400563180185731,Héběi 河北,1,1,今年中日钓鱼岛开火？香港当局阻止保钓行动_马鼎盛_凤凰博报- 博采众家之言 报闻公民心声-凤凰网 http://t.cn/SahtkD,0.9246982934763045
3400648646942418,Běijīng 北京,8,1,我特想说，要闪婚，去武当山度蜜月吗？散心又不要那么累，太有目标性的。然后吃惊的发现，钓鱼岛的地形和百度的LOGO很像。,0.9830159604711256
3400679429763920,Guǎngdōng 广东,1,1,分享图片，京东很给力，库存\钓鱼岛\都有。,0.9818058684055679
3400693262219302,Hēilóngjiāng 黑龙江,1,1,@钓鱼岛市市委书记 我回赠了圣诞神秘礼包给你们。一起来玩微城市吧！开始游戏http://t.cn/SwKPmz,0.9999027136897705
3400889107086108,Běijīng 北京,1000,1,【人民日报：中国政府捍卫钓鱼岛主权决心坚定不移】 本报北京1月3日电　外交部发言人洪磊3日在此间就日本右翼分子登上钓鱼岛一事表明严正立场。他指出，中国政府已就此向日方提出严正交涉和抗议。他说：“我愿重申，钓鱼岛及...  http://t.cn/SilJC7 ,0.5801513428442003
3401047658704925,Sìchuān 四川,6,1,钓鱼岛是我们的,0.5
3401092979418228,Shāndōng 山东,4,1,东海无需划界，日本必须归还琉球与钓鱼岛！_清水一泓的空间_百度空间 http://t.cn/SSGEkR,0.07153691227508141
3401359640554225,Fújiàn 福建,1000,1,保不住自己的工作，保不住自己的爱情，保不住自己的房子，保不住自己的家，保不住自己的权利，保不住自己的安全，保不住自己的自由，保不住自己的生活……却想保住钓鱼岛,0.7483847706381068
3401455031064973,Běijīng 北京,2,1,日外相将乘直升机俯瞰北方四岛；俄罗斯媒体报道，日本外相玄叶光一郎今日宣布，计划明日乘坐直升机，俯瞰日俄存在主权争议北方四岛（俄罗斯千岛群岛）。玄叶光一郎强调：我想亲眼目睹这些岛屿。中国杨外长什么时候坐飞机，巡航一下钓鱼岛？和南沙群岛？@,0.9999998172426695
3401571387894880,Húnán 湖南,4,1,中国就日本4人登钓鱼岛提抗议 http://t.cn/Sixmta,0.5939833785926539
3401579894219885,Qīnghǎi 青海,1000,1,华人保钓联盟成员赴钓鱼岛 http://t.cn/SiKXhv,0.99750499835565
3401634701294747,Fújiàn 福建,5,1,http://t.cn/SaZ11T实拍日本议员登钓鱼岛,0.6240664573117961
3401683171190175,Húběi 湖北,1000,0,日本说钓鱼岛是他们的、结果、海哮了,0.5708489006884775
3401695472762300,Liáoníng 辽宁,6,1,中国就日本4人登钓鱼岛提抗议 http://t.cn/Sixmta,0.5939833785926539
3401773274529939,Běijīng 北京,1000,1, 日本称中国渔政船今年首次驶入钓鱼岛海域 http://t.cn/z0gqnHe (分享自 ZAKER),0.9387065766332583
3401789317955837,Ānhuī 安徽,10,1,中国渔政船今年首次驶入钓鱼岛海域巡逻 http://t.cn/z0gqelM  （分享自 @新浪军事）日本海上保安厅1月14日清晨称，中国的一艘渔政船驶入钓鱼岛(日称“尖阁列岛”)附近海域，保安厅出动了多艘巡逻船进行拦截和监视。,0.9996031793475564
3401886390484321,Shāndōng 山东,14,1,马英九连任了，收回钓鱼岛,0.15844696711231232
3401912357565979,Shāndōng 山东,2,1,13日夜间22时半许，日本保安厅的巡逻船在钓鱼岛海域赤尾屿(日本称“大正岛”)东北71公里处发现了航行中的中国渔政船“渔政201”号。当时巡逻船向中国渔政船发出无线“警告”，要求中国渔政船不要进入所谓的“日本管辖海域”。中国渔政船回答称：“我们在我国自己管辖的海域巡逻，正在执行正当的公务,0.999931998678388
3402003420127327,Hǎiwài 海外,2,1,中国渔政船2012年首次巡航钓鱼岛！！,0.8356352701711436
3402031436702644,Fújiàn 福建,5,1,《日媒：中国渔政船惊现钓鱼岛  日本国内炸了锅》 (来自 @头条博客) http://t.cn/ammXuy,0.9640611171731355
3402067701415808,Běijīng 北京,5,0,:【我国渔政船驶入钓鱼岛海域遭日舰拦截】据环球网消息，日本海上保安厅14日清晨称，中国的一艘渔政船13日夜间驶入钓鱼岛附近海域，日本保安厅随后出动多艘巡逻船进行拦截和监视。日本海上保安厅称，“去年中国渔政船有9次进入钓鱼岛附近海域”，今年这还是首次。http://t.cn/z0gY7zr//,0.9997400230927548
3402090451351667,Guǎngdōng 广东,4,1,马英九父辈就任职国民党高层，本人又与蒋氏家族过从甚密，所以有浓厚的国民党正统观念。年轻时不仅反共，而且有非常强烈的反日情绪。在台湾大学读法律专业时就是保钓的积极分子。后来还写过钓鱼岛从法理上讲也应属台湾的论文。日本人最不喜欢的候选人当属马英九，最乐见成事的是有亲日情绪的蔡英文。,0.9999999999999318
3402094440581576,Zhèjiāng 浙江,4,1,(1/2)@新闻头条：【中国渔政船驶入钓鱼岛海域遭日舰拦截】日本海上保安厅1月14日清晨称，中国的一艘渔政船驶入钓鱼岛附近海域，保安厅出动了多艘巡逻船进行拦截和监视。中方称是执行公务，日方称是进入“日本管辖海域”。中方一贯认为，钓鱼岛是中国领土，中国政府维护主权和领土完整的意志与,0.9999933554388847
3402099528427195,Húnán 湖南,3,1,【大眼睛湘潭1065国际新闻】据环球网消息，日本海上保安厅14日清晨称，中国的一艘渔政船13日夜间驶入钓鱼岛附近海域，日本保安厅随后出动多艘巡逻船进行拦截和监视。日本海上保安厅称，“去年中国渔政船有9次进入钓鱼岛附近海域”，今年这还是首次。http://t.cn/z0gY7zr,0.9970551357128978
3402123930447926,Héběi 河北,10,1,【中国渔政船今年首入钓鱼岛海域】环球网记者郭文静报道，日本海上保安厅1月14日清晨称，中国的一艘渔政船驶入钓鱼岛（日称“尖阁列岛”）附近海域，保安厅出动了多艘巡逻船进行拦截和监视。   据日本新闻网14日... http://t.cn/z0gtZdp 分享自@百度新闻客户端,0.9977927232191498
3402125256358577,Hǎiwài 海外,16,0,听说去新加坡的中国人都爱问新加坡人老家是中国那的？听说大陆人都爱问台湾人怎么看待陈水扁？听说中国男人都说自己厉害爱问女人感觉如何？看到好多中国男人都在苍井空微博要求她回答钓鱼岛是那国的，看到好多中国人都在艺人的微博里问艺人为什么不关心大事。偶不知道这些事情有没有内在联系？[吃西瓜],0.9999054014059113
3402173078226902,Běijīng 北京,2,1,NND，真打起来，老子第一个抗枪上战场！杀一个鬼子就不亏，杀俩就赚了！ 《我渔政船驶入钓鱼岛海域遭拦》 (来自 @头条新闻) http://t.cn/z0gY7zr,0.9861388258636913
3402191195135754,Shànghǎi 上海,12,0,至于马英九的当选，是中国和美国都乐意看到的结果。台湾海峡未来四年中美台三方将相安无事。台湾问题短期内也不得解决。中国的解决顺序，大概会是南海，台湾，钓鱼岛吧。前提是1 中国有实力和美国叫板，在经济和军事方面 2 美国深陷本国事务或其他战争中，无暇顾及中国。至于朝鲜半岛。。[懒得理你],0.9999999999790821
3402230743406445,Shāndōng 山东,8,1,分享新闻 《我渔政船驶入钓鱼岛海域遭拦》 http://t.cn/z0gY7zr 它的能拦截我们的船，我们为什么不能拦截它们的船，那是我们的，不是它们的，这事搞的！这样的事不要说了，想不明白？,0.20797451833422076
3402254030054552,Guǎngdōng 广东,1,1,《黄子华在第23届金像奖颁奖典礼上的讲话钓鱼岛是中国的》 黄子华在第23届金像奖颁奖典礼上的讲话钓鱼岛(钓鱼台)是中国的 原文：原岛大地真是一个非常可爱的小朋友，麻烦你... http://t.cn/z0gjV2X  （分享自 @土豆网）,0.9985933932868528
3402267555160969,Qítā 其他,1000,1,怎么办呢？ 《我渔政船驶入钓鱼岛海域遭拦》 (来自 @头条新闻) http://t.cn/z0gY7zr,0.9336095656963634
3402326241204411,Guǎngdōng 广东,1000,1,领导！有决心和坚定不移好啊，敢这样说就要有胆量派军舰巡逻，真佩服，光说不练。 《我渔政船驶入钓鱼岛海域遭拦》 (来自 @头条新闻) http://t.cn/z0gY7zr,0.9982561719492388
3402329277625393,Héběi 河北,9,1,生亦和哀呀！连门口的一个石子都保护不了趁早散伙算了 《我渔政船驶入钓鱼岛海域遭拦》 (来自 @头条新闻) http://t.cn/z0gY7zr,0.9985472463456709
3402401044390935,Fújiàn 福建,5,1,#军事新闻#【中渔政船2012新年首航钓鱼岛 遭日舰拦截】据日本新闻网消息，日本保安厅称，13日夜间22时半许，保安厅的巡逻船在钓鱼岛海域赤尾屿东北71公里处发现了航行中的中国渔政船“渔政201”号。当时巡逻船向中国渔政船发出无线“警告”，要求中国渔政船不要进入所谓的“日本管辖海域”。,0.999540291100437
3402410856983218,Shànghǎi 上海,9,1,伊朗局势骤然升级：第三次世界大战即将爆发!http://t.cn/z0e2cCY 我认为：首先不希望美伊大战；其次更不希望第三次世界大战对人类没有好处；第三中国也不能坐视美国灭伊，因为美国最后一定是灭中国；第四中国可以援伊保证自己石油输入；第五可以解决自己的南海问题与钓鱼岛苏岩礁早日回归祖国怀抱！,0.9926544261291766
3402483831465900,Hénán 河南,9,1,日本拟为39座离岛命名包括钓鱼岛部分岛屿 http://t.cn/z0ebXNU  （分享自 @头条新闻）,0.9493672542021705
3402543531909335,Guǎngdōng 广东,4,1,他敢命名就灭了…… 《日本拟为钓鱼岛部分岛屿命名》 (来自 @头条新闻) http://t.cn/z0ebXNU,0.9072564212349138
3402546247304236,Běijīng 北京,1,1,日政府拟为39座离岛命名 包括钓鱼岛部分岛屿 http://t.cn/z0eGwro,0.04743799170394525
3402556519157548,Shànghǎi 上海,8,1,答：我们在钓鱼岛问题上的立场是很清楚的，钓鱼岛及其附属岛屿自古以来就是中国的固有领土，中国对此拥有无可争辩的主权，我们捍卫钓鱼岛领土主权的决心是坚定不移的----真是前年的决心呀!!! 千万别跟股市的信心一样 无力呀!!!!!,0.9999841826276699
3402617692923182,Guǎngdōng 广东,1000,1,日本将在年内完成对一些离岛的命名工作，其中包括钓鱼岛附近的七座岛屿。外交部发言人刘为民表示，我们在钓鱼岛问题上的立场是很清楚的，钓鱼岛及其附属岛屿自古以来就是中国的固有领土，中国对此拥有无可争辩的主权，我们捍卫钓鱼岛领土主权的决心是坚定不移的。外交用语用了几十年，有意思么![鄙视],0.9999385533878501
3402646063371288,Guìzhōu 贵州,1,0,《黄子华：回去之后别忘了告诉日本人，钓鱼岛是中国的！！！》 令人肃然起敬的香港明星黄子华：在第23届香港电影金像奖颁奖典礼上(全球现场直播)，主持人黄子华对前来领最佳亚... http://t.cn/z0eGPD7  （分享自 @土豆网娱乐）,0.9993619141528522
3402657694163757,Běijīng 北京,8,1,该警又说，你不知道，不来硬的，搞不定他们啊？我还是乐了，来硬的，你未必搞得过人家，人家之所以怕你，是你的工作身份，你们人多，要是厉害，你们去守钓鱼岛啊？再说一遇你不顺心的，就来硬的， 你这不是制造不安定因素吗？这样，人们只会更恨你们，反感你们，对抗你们，到时候有动乱，你们,0.004740587012868613
3402664266123089,Guǎngdōng 广东,1,0,#军事新闻#【日政府将2012年完成钓鱼岛部分岛屿命名】据日本NHK电视台1月16日报道，日本政府将对“属于冲绳县”的钓鱼岛中7座岛屿进一步“强化管理”。发现在过去的行政文件中并没有钓鱼岛中7座岛屿的正式名称。,0.997790563311772
3402684654165569,Běijīng 北京,1000,1,【日本播出议员登钓鱼岛：钓鱼岛上罕见景象曝光】 当地时间3日上午9时30分左右，日本第十一管区海上保安总部（那霸）的巡逻船发现冲绳县石垣市议员仲间均等3人登上了钓鱼岛。约20分钟后，石垣市议员仲岭忠师也登陆了该岛。4人于11时55...  http://t.cn/z0eNP2b ,0.011041450426556687
3402696012853916,Guǎngdōng 广东,3,1,钓鱼岛及其附属岛屿自古以来就是中国的固有领土，中国对此拥有无可争辩的主权，中国捍卫钓鱼岛领土主权的决心是坚定不移的。2010年9月，日本巡逻船冲撞中国渔船。中方严正指出，日本巡逻船不得在钓鱼岛附近海域进行所谓“执法”活动，更不得采取任何危及http://t.cn/z0eNJEL,0.9999998867354898
3402710500362875,Hǎiwài 海外,5,1,日本内阁官房长官藤村修周一（1月16日）在记者会上宣称，日本计划3月底以前完成东海尖阁诸岛（中国叫钓鱼岛）周边39个无名、无人小岛的命名。中国在做什么？！,0.012184838304740597
3402714195249507,Liáoníng 辽宁,1,0,外交部就日本为钓鱼岛中7座岛屿命名等答问(实录) http://t.cn/z0eM9eg  干死小鬼子。,0.11532410551876093
3402717760843650,Guǎngdōng 广东,1,1,我们捍卫钓鱼岛的决心是有的，行动是...你懂的。,0.8311597839430392
3402735064466734,Guǎngdōng 广东,6,1,日本系度发咩神经 《外交部回应有关钓鱼岛问题》 (来自 @头条新闻) http://t.cn/z0eNV38,0.9231700686311873
3402737352432147,Zhèjiāng 浙江,1,1,日本近日拟对中国钓鱼岛附近的三十九个岛屿进行命名！事实证明中国靠＂十三插＂来解决领土问题是荒谬的。领土就像自家的女人，神圣不可侵犯，别人要来抢，你就得让他吃拳头、饮子弹、吞炮弹，直到把他废掉！否则你供上＂十三插＂，小日本就会接着来抢走你家里的全部。更不能因为不是自家女人就随便送！,0.3025437702397257
3402737930932941,Běijīng 北京,8,1,整天空喊捍卫钓鱼岛主权的决心，请问决心在哪儿？在嘴巴上？,0.45762419427390777
3402738203668313,Běijīng 北京,5,1,【人民日报刊文：日本不要试探中国维护主权的意志和决心】 钓鱼岛及其附属岛屿自古以来就是中国的固有领土，中国对此拥有无可争辩的主权，中国捍卫钓鱼岛领土主权的决心是坚定不移的。2010年9月，日本巡逻船冲撞中国渔船。中方严正指出，日本巡逻船不得...   http://t.cn/z0e0h52,0.9999999999301521
3402739407166795,Hǎiwài 海外,7,1,小日本敢说敢做，从不把中国放在眼里；中国只说不敢做，还真的把美日当成大舅，什么都看他们的脸色。。。。日本拟命名39座离岛包括钓鱼岛部分岛屿 http://t.cn/z0ebO2D  （分享自 @新浪军事）,0.9650073745764214
3402742404526862,Běijīng 北京,1000,1,保钓 《外交部回应有关钓鱼岛问题》 (来自 @头条新闻) http://t.cn/z0eNV38,0.9897363382776175
3402742941400145,Shāndōng 山东,8,1,《日本拟为钓鱼岛部分岛屿命名》 (来自 @头条新闻) http://t.cn/z0ebXNU,0.9733014806868514
3402745183014514,Guǎngdōng 广东,1000,1,“红派一号”扯他妈的什么淡呢，日本人命名钓鱼岛你不管，春运买不到票你不管，就他妈追求奢侈品在行，“朱门酒肉臭，路有冻死骨”，裆国，你太让我失望了。。。,6.855219733026274e-05
3402745747403102,Guǎngdōng 广东,19,1,切 《外交部回应有关钓鱼岛问题》 (来自 @头条新闻) http://t.cn/z0eNV38,0.9704843083931327
3402748286146356,Hénán 河南,3,1,新华社北京1月16日电 外交部发言人刘为民16日在例行记者会上表示，中方捍卫钓鱼岛领土主权的决心是坚定不移的。他说，我们在钓鱼岛问题上的立场是很清楚的，钓鱼岛及其附属岛屿自古以来就是中国的固有领土，中国对此拥有无可争辩的主权，我们捍卫钓鱼岛领土主权的决心是坚定不移的。--很可笑，不是吗？,0.9967758503548478
3402750996412400,Gānsù 甘肃,7,1,【党报:中国维护领土主权不容试探】钓鱼岛及其附属岛屿自古以来就是中国的固有领土，中国对此拥有无可争辩的主权，中国捍卫钓鱼岛领土主权的决心是坚定不移的。 2010年9月，日本巡逻船冲撞中国渔船...http://t.cn/z0eOLeE分享自@百度新闻客户端,0.9999999967570492
3402754624123521,Běijīng 北京,8,1,人民日报：日本不要试探我维护主权决心　钓鱼岛及其附属岛屿自古以来就是中国的固有领土，中国对此拥有无可争辩的主权，中国捍卫钓鱼岛领土主权的决心是坚定不移的。http://t.cn/z0eONI1,0.9999984252357724
3402754561144217,Guǎngdōng 广东,4,1,日本为什么敢玩呢？就是因为料准北京只能后退！如果政府不害怕的话放开人民抗议的声音，我想当日本看见中国人民对于钓鱼岛的集体共识后，也得想想能否抵得住15亿人的怒火，而不是一个北京的怒火！,0.9170941853967179
3402755496949861,Běijīng 北京,1000,1,外交部回应日本将对钓鱼岛附近岛屿进行命名 http://t.cn/z0eNV38  （分享自 @头条新闻）日本的举动是徒劳的。中国人的命名早在数百年前。琉球王国几百年前就承认这些命名。,0.9969527891965028
3402762029375845,Guìzhōu 贵州,1,1,捍字不是口傍，捍卫领土不能用嘴，要有行动。别人未经你允许已经在你家里大搞装修了，难道你还给他沏壶茶么？五星红旗必须在钓鱼岛上空飘扬！,0.01978950315530592
3402777160410583,Shànghǎi 上海,4,1,外交部发言人：中方捍卫钓鱼岛领土主权的决心坚定不移<分享自@中国广播网 全球最大中文音频网络门户>  http://t.cn/z0ejwmS,0.9966300134644389
3402779177952000,Běijīng 北京,6,0,#军事新闻#【日政府将2012年完成钓鱼岛部分岛屿命名】据日本NHK电视台1月16日报道，日本政府将对“属于冲绳县”的钓鱼岛中7座岛屿进一步“强化管理”。发现在过去的行政文件中并没有钓鱼岛中7座岛屿的正式名称。,0.997790563311772
3402779475398525,Héběi 河北,3,1,#军事新闻#【日政府将2012年完成钓鱼岛部分岛屿命名】据日本NHK电视台1月16日报道，日本政府将对“属于冲绳县”的钓鱼岛中7座岛屿进一步“强化管理”。发现在过去的行政文件中并没有钓鱼岛中7座岛屿的正式名称。,0.997790563311772
3402801659507598,Sìchuān 四川,4,1,钓鱼岛及其附属岛屿自古以来就是中国的固有领土，中国对此拥有无可争辩的主权，中国捍卫钓鱼岛领土主权的决心是坚定不移的。2010年9月，日本巡逻船冲撞中国渔船。中方严正指出，日本巡逻船不得在钓鱼岛附近海域 http://t.cn/z0epniw,0.9999999475866354
3402820298725388,Qítā 其他,1000,0,外交部回应日本将对钓鱼岛附近岛屿进行命名-视频：http://t.cn/z0eHQFM 全文： http://t.cn/z0eNV38  （分享自 @头条新闻）,0.995301715574886
3402834139602434,Guǎngdōng 广东,1000,0,#军事新闻#【日政府将2012年完成钓鱼岛部分岛屿命名】据日本NHK电视台1月16日报道，日本政府将对“属于冲绳县”的钓鱼岛中7座岛屿进一步“强化管理”。发现在过去的行政文件中并没有钓鱼岛中7座岛屿的正式名称。,0.997790563311772
3402839180937014,Běijīng 北京,8,1,【钓鱼岛，让我欢喜让我忧】对方步步紧逼，得寸进尺，我们仅仅靠不停抗议是没有用的。必须有对策：一是把钓鱼岛的历史写进教科书，让后代牢记屈辱史；二是加紧钓鱼岛保卫战略制定，分部进行实施；三是联合台湾共同形成保岛配合态势，游说世界同盟在联合国形成有利于我的决议。http://t.cn/z0eR0Fd,0.9992001877232312
3402847242545917,Jiāngsū 江苏,1,1,#军事新闻#【人民日报：日本不要试探中国维护主权的决心】人民日报文章说，中国一贯坚持着眼大局，避免激化矛盾，避免钓鱼岛问题伤害中日两国整体关系。日本应以中日战略互惠关系为重，以东亚和平稳定为重，不要一意孤行，不要试探中国维护主权的意志和决心。,0.9999999999952183
3402873405669809,Fújiàn 福建,1,1,每次都是谴责！所谓坚定不移的决心在哪里？完全看不出来。艹。感觉就像日本爱情动作片里的女主角，一边叫着呀咩跌一边却任人摆布。历史证明对待强盗儒家思想行不通，当多年过去一切成为既定事实后该怎么去讨回？若使建国英豪在 《外交部回应有关钓鱼岛问题》 (来自 @头条新闻) http://t.cn/z0eNV38,0.999996538911354
3402875663075998,Jiāngsū 江苏,1,0,#军事新闻#【人民日报：日本不要试探中国维护主权的决心】人民日报文章说，中国一贯坚持着眼大局，避免激化矛盾，避免钓鱼岛问题伤害中日两国整体关系。日本应以中日战略互惠关系为重，以东亚和平稳定为重，不要一意孤行，不要试探中国维护主权的意志和决心。,0.9999999999952183
3402878935091608,Běijīng 北京,1000,1,日本拟为39座离岛命名包括钓鱼岛部分岛屿  http://t.cn/z0ebXNU (分享自ZAKER),0.5403853319582675
3402900363863716,Guǎngdōng 广东,1,1,日本为何再炒钓鱼岛争端  【挑衅】日本将对钓鱼岛命名 中国东海南海双受压 http://t.cn/z0e01Lm  （分享自 @凤凰视频）,0.9924178550620315
3402929610478686,Guǎngdōng 广东,17,1,小日本要嚷着要命名钓鱼岛了，ZF继续声明声明声明吧，要不采取点什么实际行动，下次就说不定BJ被日本命名了...,0.03662021546877048
3402959728290793,Húnán 湖南,31,1,人民日报称日本应以中日互惠为重，不要试探中国维护主权的意志与决心。钓鱼岛及其附属岛屿自古以来就是中国的固有领土，中国对此拥有无可争辩的主权，中国捍卫钓鱼岛领土主权的决心是坚定不移的。,0.9999997801693866
3402961864922498,Běijīng 北京,8,1,日本将在年内完成钓鱼岛附近七座岛屿的命名，今天中国抗议了，还是老套，句型不换“中国一贯坚持着眼大局，避免激化矛盾，避免钓鱼岛问题伤害中日两国整体关系。日本应以中日互惠关系为重，以东亚和平稳定为重，不要一意孤行，不要试探中国维护主权意志和决心。\总结：两个避免，两个为重，两个不要。,0.9999999175415774
3402977325329491,Guǎngdōng 广东,4,1,人民日报：日本不要试探中国维护钓鱼岛主权决心 http://t.cn/z0epW5G  （分享自 @新浪军事）我是第一次看到人民日报如此对日本发警告，我可以理解为通牒吗？@人民日报,0.9999529555073867
3402982328666290,Sìchuān 四川,1,1,普京：俄罗斯虽大，但没有一寸土地是多余的。领土问题没有谈判余地。只有战争。 中国：中国虽大。所以南海是多余的。对于钓鱼岛，自古以来•••的一部分•••不可争辩•••此处省略N个字。你懂！,0.9761052741380589
3403002436596205,Húběi 湖北,2,0,日本为何再炒钓鱼岛争端  【挑衅】日本将对钓鱼岛命名 中国东海南海双受压 http://t.cn/z0e01Lm  （分享自 @凤凰视频）,0.9924178550620315
3403013571668494,Zhèjiāng 浙江,3,1,#军事新闻#【日政府将2012年完成钓鱼岛部分岛屿命名】据日本NHK电视台1月16日报道，日本政府将对“属于冲绳县”的钓鱼岛中7座岛屿进一步“强化管理”。发现在过去的行政文件中并没有钓鱼岛中7座岛屿的正式名称。,0.997790563311772
3403074280274312,Běijīng 北京,5,1,日本是一个没有资源国家，是靠掠夺别国的资源和财富才能生存的无耻国家！1977年5月2日，日本通过了《日本关于领海及邻接水域的的法律第30号》该法律设定了日本... ——看到夕丹阳的博文《[转载]荐:钓鱼岛&shy;&shy;—未来战争的导火索》有感而发的评论。http://t.cn/hDiEMZ,0.9999999580578136
3403096396927380,Běijīng 北京,1000,1,我们的政府除了一次次口头抗议之外还能做出哪些实质行动?!!中国外交部发言人指出，钓鱼岛及其附属岛屿自古以来就是中国的固有领土，中国对 此拥有无可争辩的主权，我们捍卫钓鱼岛领土主权的决心是坚定不移的,0.9996569430303223
3403100129846022,Guǎngdōng 广东,3,0,@克里斯托夫-金: 日本将在年内完成钓鱼岛附近七座岛屿的命名，今天中国抗议了，还是老套，句型不换“中国一贯坚持着眼大局，避免激化矛盾，避免钓鱼岛问题伤害中日两国整体关系。日本应以中日互惠关系为重，以东亚和平稳定为重，不要一意孤行，不要试探中国维护主权意志和决心。\总结：两个避免，两,0.9999999928814054
3403122921984327,Shànghǎi 上海,13,1,人民日报首次明确钓鱼岛为核心利益  【发声】《人民日报》首次明确钓鱼岛为中国核心利益 http://t.cn/z0DwhKT  （分享自 @凤凰视频）,0.9999096517293766
3403125152639413,Qítā 其他,1000,1,日本公然宣布强占钓鱼岛：国家媒体愤怒表态: 编者按：中国政府曾多次严正声明，钓鱼岛及其周边附属岛屿自古以来就是中国的固有领土。但日本当局总是企图通过各种各样的“小动作” http://t.cn/z0D2Zf0,0.9976012745151459
3403133215045682,Shāndōng 山东,2,1,人民日报首次明确钓鱼岛为核心利益  【日本挑衅】日本电视台独家播出议员登钓鱼岛片段 http://t.cn/z0DwCzS  （分享自 @凤凰视频）,0.9992293951110682
3403138263956343,Běijīng 北京,12,1,日本NHK电视台报道：日本列岛周边分布的绝大多数为无人岛，且部分岛屿尚未被命名，未能够得到日本政府很好的管理，日本政府对“属于冲绳县”的钓鱼岛中7座岛屿较为“重视”。日本政府认为应对这7座岛屿进一步“强化管理”，力争在2012年年内完成离岛命名工作。（这帮小日本臭不要脸的玩意）。。,0.6476491570907467
3403220552408043,Běijīng 北京,1000,1,  来自《日本拟正式命名钓鱼岛列岛7岛礁 欲据为己有》： 日本政府计划在2... http://t.cn/z0eu5YF,0.7708038933782743
3403239167262687,Shǎnxī 陕西,8,1,人民日报首次明确钓鱼岛为核心利益  日本前首相称向钓鱼岛移民才能确立主权 http://t.cn/z0DfFJb  （分享自 @凤凰视频）,0.9985424679996847
3403240148471104,Shǎnxī 陕西,8,1,人民日报首次明确钓鱼岛为核心利益  罗援：钓鱼岛问题是中日关系不定时的炸弹 http://t.cn/z0DLHue  （分享自 @凤凰视频）,0.998394697900164
3403278170152549,Hēilóngjiāng 黑龙江,8,1,日本自古就司机侵占钓鱼岛 http://t.cn/z0DL5Sb  （分享自 @凤凰视频）,0.9853911880727624
3403327333658074,Húnán 湖南,6,1,#春运#大刀向鬼子们的头上砍去，杀：钓鱼岛及其附属岛屿自古以来就是中国的固有领土，我们捍卫钓鱼岛领土主权的决心是坚定不移的。但是我们看到的实际情况却是，钓鱼岛被小日本控制着，琉球岛也住着小日本，还有小日本的行政官署，我国渔民无法接近钓鱼岛，那里的行政执法船也挂着膏药旗！！！,0.9777492096606012
3403390299824980,Běijīng 北京,8,1,#军事新闻#【中渔政船2012新年首航钓鱼岛 遭日舰拦截】据日本新闻网消息，日本保安厅称，13日夜间22时半许，保安厅的巡逻船在钓鱼岛海域赤尾屿东北71公里处发现了航行中的中国渔政船“渔政201”号。当时巡逻船向中国渔政船发出无线“警告”，要求中国渔政船不要进入所谓的“日本管辖海域”。,0.999540291100437
3403412052058751,Guǎngdōng 广东,1000,1,#c4698583 马英九忆保护钓鱼岛：不可葬送中国土地 http://t.cn/z0DcI1u  （分享自 @凤凰视频）,0.9989303621736442
3403414353199181,Shànghǎi 上海,10,0,人民日报：日本不要试探中国维护钓鱼岛主权决心，打他个落花流水 雅虎创始人杨致远辞去在雅虎公司所有职务，一个时代的结束 浙江女富豪吴英集资诈骗案二审维持死刑原判，香消玉殒 杨幂李恭齐退央视春晚 李玉刚独挑大梁演贵妃 ，N多年没看春晚了,0.9999820312353879
3403414455436297,Guǎngdōng 广东,1000,1,人民日报首次明确钓鱼岛为核心利益  【发声】《人民日报》首次明确钓鱼岛为中国核心利益 http://t.cn/z0DwhKT  （分享自 @凤凰视频）,0.9999096517293766
3403447627676125,Shànghǎi 上海,1000,1, 酒壮怂人胆，这是不是准备去收复钓鱼岛啊？,0.0517580704453795
3403483711689995,Liáoníng 辽宁,13,1,《人民日报》首次明确钓鱼岛为中国核心利益 http://t.cn/z0DGh8y,0.9753348974904241
3403488493331201,Guǎngdōng 广东,1000,1,看了个新闻说小日本打算把钓鱼岛附近的七座岛屿给命名，草你吗的小日本，泥吗戈壁想干啥，要决死！,0.9045876072696541
3403513189120516,Jiāngxī 江西,5,1,人在本地何必长途，人类经济比猪还蠢，南方人比较省，北方人比较蠢，那神经病只想着国家贪污，反对的声音遍及宇宙，尊重金正日毛岸英就可以了，你把钓鱼岛收回来就可以了，北极又不永远是勾陈，地球围绕黄极运动,0.999332565809462
3403513944077684,Ānhuī 安徽,1,1,钓鱼岛及其附属岛屿自古以来就是中国的固有领土，中国对此拥有无可争辩的主权，中国捍卫钓鱼岛领土主权的决心是坚定不移的。  来自《党报：日本不要试探中国维护主权的意志决心》： 钓鱼岛及其附属岛屿... http://t.cn/z0eu4Jy,0.9999999694569957
3403547712708915,Jiāngsū 江苏,2,1,《城管大练兵 年后出兵收复钓鱼岛 小日本你们颤抖了没有！》分散在“我们这儿”（不能说“中国”）各个城市的城管最近在积极训练。在小区附近扫荡了一伙路边下棋的老太婆老头子，砸棋盘的动作相当潇洒。那脚踏小板凳的威武造型宣告了城管神圣不可侵犯！对市民像对日本人一样仇恨，我朝有城管，真好。,0.9999905444433635
3403612682222702,Liáoníng 辽宁,7,1,我现在的户口在长沙，以后我想把户口迁到钓鱼岛,0.23231992379583333
3403615450823116,Hǎiwài 海外,1,1,2012战略与展望：战争阴云与中国崛起 新年钟声余音未尽，人们就闻到吱吱冒着火星的战争导火索味道，不信请看：先是日本四议员冒然登上中国所属的钓鱼岛，有资料证明是受到政府... (01-19) http://t.cn/z0DW2l2,0.8764110458539219
3403616054457522,Guǎngdōng 广东,3,1,人民日报首次明确钓鱼岛为国家核心利益 http://t.cn/z0DKYAq不行就打了，妈的，谁怕谁啊？------三鑫golf,0.8809830249269457
3403776862632688,Sìchuān 四川,1,1,秋天的土地 《抗议日寇又侵钓鱼岛，别忘了藏南沦陷的国土》 (来自 @头条博客) http://t.cn/z0DDDFd,0.9565711729368834
3403778365095526,Guǎngxī 广西,1,1,#军事新闻#【日政府将2012年完成钓鱼岛部分岛屿命名】据日本NHK电视台1月16日报道，日本政府将对“属于冲绳县”的钓鱼岛中7座岛屿进一步“强化管理”。发现在过去的行政文件中并没有钓鱼岛中7座岛屿的正式名称。,0.997790563311772
3403786034929619,Běijīng 北京,1000,1,[转载]抗议日寇又侵钓鱼岛，别忘了藏南沦陷的国土 http://t.cn/z0kvuZB,0.7033961266540864
3403811714902033,Běijīng 北京,2,1,【分享dingshengma的博文：抗议日寇又侵钓鱼岛，别忘了藏南沦陷的国土】 #俺们的刀政府正忙着割百姓肉呢，哪有时间干其它的#http://t.cn/z0DDDFd  （分享自 @头条博客）,0.5791591597018393
3403818614178597,Shǎnxī 陕西,1,1,【新华社时评：避免不当之举才能维护中日关系大局】新年伊始，日本方面在中国钓鱼岛问题上出现了若干不合时宜的举动：先是４名右翼分子登上钓鱼岛，接着日方又宣称正在对包括钓鱼岛附近岛屿在内的离岛命名。中方立即向日方提出严正交涉，敦促日方勿在钓鱼岛问题上制造事端。http://t.cn/z0kPHGp,0.5970568349564662
3403980212435191,Húnán 湖南,11,1,停止冲绳到钓鱼岛附近一千米以下的潜水恶战，停止福建中部沿海五百米以下潜水钻入大陆，停止日本海大峡谷，五千米以下地热带机器人操作天上卫星和海中水星。停止改进型中子机，骸分裂机，量子机，蓝光机；海水疝气分离机，脉冲对撞机，无线有线输送，东安县移动电信中区中转，,0.15555672702483125
3404050999657144,Guǎngdōng 广东,4,1,日战机疲于奔命解放军战机屡次逼近钓鱼岛 - 据日本防卫省统合幕僚监部统计，2011年度内航空自卫队战机针对可能侵犯日本领空的中国飞机的紧急升空次数已达143次，创下2002年度开始按国家公布数据以来的新高。此前的最... http://t.cn/z0kM0Fv,0.994968765840725
3404077459429093,Qítā 其他,1000,1,日本人，我只想说如果你真能把钓鱼岛占领，我认为你们就了不起 《日战机去年频繁拦截中国军机》 (来自 @新浪军事) http://t.cn/z0kPJb7,0.9999052799280284
3404277525608405,Qítā 其他,1000,1,日议员伙同右翼团体“视察”钓鱼岛“宣示主权” --从光明网分享   http://t.cn/z0kpjK3,0.821773469880401
3404321396796201,Shāndōng 山东,11,1,中国政府能不能支持人大代表或干脆派常委登临钓鱼岛啊 《日众院2名议员抵达钓鱼岛海域》 (来自 @头条新闻) http://t.cn/z0kpfUk,0.9724866267745542
3404358186300854,Běijīng 北京,5,1,#军事新闻#【日政府将2012年完成钓鱼岛部分岛屿命名】据日本NHK电视台1月16日报道，日本政府将对“属于冲绳县”的钓鱼岛中7座岛屿进一步“强化管理”。发现在过去的行政文件中并没有钓鱼岛中7座岛屿的正式名称。,0.997790563311772
3404501119727975,Běijīng 北京,5,1,#军事新闻#【人民日报：日本不要试探中国维护主权的决心】人民日报文章说，中国一贯坚持着眼大局，避免激化矛盾，避免钓鱼岛问题伤害中日两国整体关系。日本应以中日战略互惠关系为重，以东亚和平稳定为重，不要一意孤行，不要试探中国维护主权的意志和决心。,0.9999999999952183
3404519583051520,Jiāngsū 江苏,1,1,我们的人代 呢？为何不做点什么。请不要让日本在这样的事情上常态化。 【评】日本众院两名议员21日乘船“视察”钓鱼岛 http://t.cn/z0kurtk ,0.06096840062924935
3404522456191711,Shànghǎi 上海,14,1,日本两众院议员偷偷“视察”钓鱼岛深夜乘船靠近乔装渔民捕鱼据日本媒体1月21日报道，日本众院两名议员当天乘坐渔船抵达钓鱼岛海域，“视察”了钓鱼岛及其周边附属岛屿。日本《读卖新闻》同一天的报道称，为“宣 http://t.cn/z0kuemR,0.9798467519237046
3404522888039979,Guǎngdōng 广东,1000,1,【日议员”视察”钓鱼岛”宣主权”】那生命那国土都没了宝藏中国现在应立即取消死刑。  http://t.cn/z0kObs2 ,0.9593871635082143
3404552244264197,Guǎngdōng 广东,1,1,#钓鱼岛#钓鱼岛及其附属岛屿自古以来就是中国的固有领土，中国对此拥有无可争辩的主权。中国政府捍卫钓鱼岛领土主权的决心是坚定不移的。这些话我们从小就一直愤怒的听着，现在还是如此，对我国政府只能说哀其不幸，怒其不争。对内蛮横无理，对外丧权辱国。,0.9999922513717037
3404571102055732,Běijīng 北京,1000,1,1月17日的《人民日报》刊载评论文章，反对日本政府对尖阁诸岛附近等海域尚无名称的无人岛命名，文章指出：“企图对钓鱼岛附属岛屿命名，是明目张胆地损害中国核心利益之举。”,0.48337196068839694
3404582451466736,Guǎngdōng 广东,1,1,一条外国评价中国的评论——【该国的愤青保不住自己的工作，保不住自己的爱情，保不住自己的房子，保不住自己的家，保不住自己的权利，保不住自己的安全，保不住自己的自由，保不住自己的生活··········却想保住钓鱼岛...】,0.864196470940394
3404600113795027,Jiāngsū 江苏,2,1,日本众院两名议员打扮成渔民偷偷接近钓鱼岛 http://t.cn/z0kuMtE  （分享自 @头条新闻） 鼠胆一个！,0.9953074886883826
3404631265093085,Shāndōng 山东,2,1,祝国家繁荣昌盛，祝龙的儿女团结一心，愿靠近我国钓鱼岛的倭寇葬身东海，愿……,0.9999788379824841
3404666472200569,Hénán 河南,1,1,日本两众院议员打扮成渔民接近钓鱼岛(图) | http://t.cn/z0kk6zc 日本民主党众院议员向山好一。 http://t.cn/z0kk6zt,0.9873320393311013
3404666413183389,Shǎnxī 陕西,1,1,日本众院两名议员打扮成渔民偷偷接近钓鱼岛 http://t.cn/z0kuMtE  （分享自 @头条新闻）、、、让我想起《地雷战》里面的鬼子偷地雷时化妆成中国老百姓的样子。,0.9999939120518208
3404687691190038,Shǎnxī 陕西,1,1,#你期望春晚看到谁#\\明星有什么好看、我最想看的是胡爷爷登上钓鱼岛,0.5944521080756887
3404854670176620,Zhèjiāng 浙江,1000,1,日众院议员偷偷接近钓鱼岛  http://t.cn/z0kraDl,0.8764881601021828
3405105938421211,Shànghǎi 上海,17,1,日本鬼子为何再炒钓鱼岛争端,0.4010735512705127
3405150438129302,Guǎngxī 广西,1000,1,[转载]世界首创爱国隐形油画《龙的圣地--钓鱼岛》欲赠马英九 http://t.cn/z0FShpb,0.9998034792057574
3405218354259707,Zhèjiāng 浙江,1,0,#军事新闻#【人民日报：日本不要试探中国维护主权的决心】人民日报文章说，中国一贯坚持着眼大局，避免激化矛盾，避免钓鱼岛问题伤害中日两国整体关系。日本应以中日战略互惠关系为重，以东亚和平稳定为重，不要一意孤行，不要试探中国维护主权的意志和决心。,0.9999999999952183
3405227422578715,Liáoníng 辽宁,1,1,钓鱼岛问题不光是政府的事也是全体中国人的事。日本现在越来越不像话,0.12340405669288967
3405388473264811,Húnán 湖南,6,1,#春晚#“贪官奸商汉奸卖国贼从此站起来了！――符大乱讲”小日本在钓鱼岛海域、南海、朝鲜等区域制造紧张氛围，配合美帝搞  “烽火外交”，想迫使中国在东海油气田共同开发谈判上，满足小日本对传统能源的疯狂需求等。而我国那一群群肥头大耳  朵的干部则在继续发扬声色犬马、朱门酒肉臭精神！,0.9697946494384282
3405410973503077,Guìzhōu 贵州,3,1,马鼎盛：中国今年是否会在钓鱼岛有新动作-20120118军情观察室-凤凰视频-最具媒体价值的综合视频门户-凤凰网 http://t.cn/z0FpMnm,0.8978520673328773
3405527390799216,Hénán 河南,2,1,#军事新闻#【人民日报：日本不要试探中国维护主权的决心】人民日报文章说，中国一贯坚持着眼大局，避免激化矛盾，避免钓鱼岛问题伤害中日两国整体关系。日本应以中日战略互惠关系为重，以东亚和平稳定为重，不要一意孤行，不要试探中国维护主权的意志和决心。,0.9999999999952183
3405557584797626,Shǎnxī 陕西,1,1,#军事新闻#【人民日报：日本不要试探中国维护主权的决心】人民日报文章说，中国一贯坚持着眼大局，避免激化矛盾，避免钓鱼岛问题伤害中日两国整体关系。日本应以中日战略互惠关系为重，以东亚和平稳定为重，不要一意孤行，不要试探中国维护主权的意志和决心。,0.9999999999952183
3405595329598983,Shǎnxī 陕西,1,1,#军事新闻#【日政府将2012年完成钓鱼岛部分岛屿命名】据日本NHK电视台1月16日报道，日本政府将对“属于冲绳县”的钓鱼岛中7座岛屿进一步“强化管理”。发现在过去的行政文件中并没有钓鱼岛中7座岛屿的正式名称。,0.997790563311772
3405678234257064,Hénán 河南,1,0,无意间看到一条外国评价中国的评论，太TM讽刺了------【该国的愤青保不住自己的工作，保不住自己的爱情，保不住自己的房子，保不住自己的家，保不住自己的权利，保不住自己的安全，保不住自己的自由，保不住自己的生活……却想保住钓鱼岛】,0.9985967854932455
3405686015239811,Fújiàn 福建,2,1,中国对日提出琉球群岛及其附属岛屿主权归属问题，战后国际法文件规定，琉球主权是未定的，清朝就属于中国的。中国将在海洋划界、钓鱼岛等日本一手制造出的问题等方面掌握战略主动，整个东海是中国的内海，琉球群岛、琉球海沟都位于中国境内，海洋划界将在琉球群岛以东至少200海里处与日本划分中间线。,0.9999999985466255
3405766415377788,Shǎnxī 陕西,1,1,钓鱼岛的前世今生  揭秘：日本是如何窃取钓鱼岛实际控制权的 http://t.cn/z0DLsp4  （分享自 @凤凰视频）,0.9961042011078646
3405832244441543,Shāndōng 山东,6,1,发表了一篇转载博文 《[转载]世界首创爱国隐形油画《龙的圣地--钓鱼岛》欲赠马英九》 -  http://t.cn/z0s7dze,0.9999817003155842
3405848594411158,Zhèjiāng 浙江,1,1,完了，钓鱼岛危急！ 张召忠：若丢钓鱼岛 等于失3个浙江http://t.cn/z0FdclT,0.5222787605577555
3406001695046643,Jílín 吉林,1,1,视频：张召忠称中国若丢钓鱼岛 等于失3个浙江 http://t.cn/z0F8NHb  （分享自 @搜狐视频）,0.765362885515834
3406008682904375,Hēilóngjiāng 黑龙江,2,1,中国在钓鱼岛态度急转 - 日本改弦易辙——中国在钓鱼岛态度急转近日，日本爆料，说中国在东海出动战机的数量和频率，已经远远的高于往年很多倍。而且中国在钓鱼岛问题上，也渐渐的趋于强硬，开始讲钓鱼岛称之为中国   http://t.cn/z0s4Z9M,0.996738227340298
3406023492901775,Hǎinán 海南,2,1,人民日报首次明确钓鱼岛为核心利益  【发声】《人民日报》首次明确钓鱼岛为中国核心利益 http://t.cn/z0DwhKT  （分享自 @凤凰视频）,0.9999096517293766
3406035727667637,Níngxià 宁夏,1,1,张召忠：中国若丢钓鱼岛 等于失3个浙江，东海的一半也将归日本。 http://t.cn/z0FdclT  （分享自 @凤凰视频）,0.9593153358496335
3406081038741240,Qítā 其他,1000,1,@钓鱼岛市市委书记 我回赠了圣诞神秘礼包给你们。一起来玩微城市吧！开始游戏http://t.cn/aBLv5Y,0.9999027136897705
3406134478221422,Jiāngsū 江苏,7,1,@钓鱼岛市市委书记 我回赠了圣诞神秘礼包给你们。一起来玩微城市吧！开始游戏http://t.cn/S4n0ya,0.9999027136897705
3406200551467387,Zhèjiāng 浙江,3,0,外交部霸气外漏 就12名中国船员被劫杀事件，外交部要求泰国，缅甸给说法，要求严惩凶手 接着就是泰国缅甸互相指责对方干的，口水战打的不亦乐乎。。。。。。 什么时候领事馆被炸，钓鱼岛，南沙群岛被抢，国家能这么强硬，对方能这么在乎呢，10年后，20年后 or。。。。。。。。。。。。,0.4163346905399671
3406222751903121,Guǎngdōng 广东,1,1,【捍卫之】新年震撼弹：这回硬了！2012中国军机将监控钓鱼岛,0.00991846098771354
3406301625068156,Shànghǎi 上海,1000,1,  我們應該每年9.18時候登島，  一直不登時間長了就會放棄。 ——看到日本新華僑報總編蔣豐的博文《日媒假想中国10月强行登上钓鱼岛》有感而发的评论。http://t.cn/S6hl0T,0.00025001413869663036
3406328100278776,Hǎiwài 海外,1,1,中国之所以不派军舰去巡逻钓鱼岛、南海诸岛等争议海域，是因为派军舰去巡逻的话必有一战！可见中国是多么的害怕战争！弱肉强食是永远不变的丛林法则，两强相遇勇者胜！堂堂大国却如此软弱，如此窝囊，亮剑精神何在？面对列强侵略只敢动口不敢动手！摆脱了“东亚病夫”却变成了“东亚懦夫”！维护和平？,0.9999999989085138
3406366389691000,Guǎngdōng 广东,1,1,【捍卫之】新年震撼弹：这回硬了！2012中国军机将监控钓鱼岛。恳请有关部门不要在岛之外围转一圈,0.003015685896246012
3406375311223245,Qítā 其他,1000,1,#保卫钓鱼岛#2004年保钓老照片：登岛用的小艇，可惜被小鬼子抢跑了。,0.11408550764730652
3406487571476769,Shànghǎi 上海,15,1,希望在我有生之年，能看到台湾回归，南沙，细沙，钓鱼岛回归,0.9999271936383275
3407089873655327,Jiāngsū 江苏,7,1,他们是来找死的吧！  来自《日本众院两名议员21日乘船“视察”钓鱼岛》： 据报道，日本众院两... http://t.cn/z0krZoQ,0.22115700605978816
3407279233233651,Qítā 其他,1000,1,张召忠：中国若丢钓鱼岛 等于失去3个浙江http://t.cn/z0stlhb,0.5211337440686583
